SLICSegments,Method,Mean,Std,N,SE
10,CAM,7.369147411352414,3.5256588833655953,501,0.15751482242995163
10,FAM,6.189223811781394,3.8760324141967413,501,0.1731683573630702
10,Random,5.005920562632903,3.656052660281741,501,0.16334038675604745
10,Superpixel,5.243404410913319,3.9544480561402726,501,0.17667170987818226
20,CAM,5.858965642155407,3.549520459398001,501,0.15858087902702528
20,FAM,4.852349540051407,3.6386596761638232,501,0.1625633255327434
20,Random,3.8837747399113374,3.2570497662710727,501,0.14551425210199614
20,Superpixel,3.9540352634695206,3.834563862195399,501,0.17131567909185771
30,CAM,4.859026587190861,3.120572364769395,501,0.13941689147398306
30,FAM,4.116013694322201,3.260489069394808,501,0.14566790883361416
30,Random,3.068437328238687,2.9104316999488202,501,0.13002849894948357
30,Superpixel,3.1942404262914867,3.486102878874412,501,0.1557475904799567
40,CAM,4.170428645869572,3.0097339203463696,501,0.1344649949720053
40,FAM,3.4693012024664474,2.9563934555934437,501,0.13208191875509467
40,Random,2.455520487236168,2.594420840345032,501,0.11591017494732982
40,Superpixel,2.75869138785703,3.252619852077353,501,0.14531633813167535
50,CAM,3.7810389900844017,2.8985938700678453,501,0.1294996237141466
50,FAM,3.1253781585457796,2.785677848874773,501,0.12445490792736438
50,Random,2.0508343321596554,2.26001319149753,501,0.10096994301622787
50,Superpixel,2.4455300794985004,2.919200445582982,501,0.13042025761281173
