Method,NumSpOccluded,Mean,Std,N,SE
CAM,1,4.859026587190861,3.120572364769395,501,0.13941689147398306
CAM,2,6.504657981668166,3.335764249588702,501,0.14903095586506865
CAM,3,7.449931742143845,3.3896669888771656,501,0.15143915265562297
CAM,4,8.112181569377105,3.429130032079144,501,0.1532022314015087
CAM,5,8.500602392197221,3.5263762735658046,501,0.15754687306041168
CAM,6,8.874903034998807,3.5509083321768515,501,0.15864288460996678
CAM,7,9.080789671950562,3.560850913282038,501,0.1590870863745413
CAM,8,9.206316881840992,3.5894532226259326,501,0.1603649433160187
CAM,9,9.306857264717806,3.662394452296989,501,0.16362371712810428
CAM,10,9.386080194208883,3.7341593905986614,501,0.16682993811749663
CAM,11,9.469128297374187,3.7559405126432366,501,0.1678030468851552
CAM,12,9.515477965108143,3.731846816248966,501,0.1667266199151127
CAM,13,9.604101801793018,3.741439519826052,501,0.16715519030452186
CAM,14,9.641146845454351,3.7401542102319856,500,0.16726478120821517
CAM,15,9.722817339172927,3.7463146776608247,499,0.167708077702797
CAM,16,9.898319969622177,3.763760207685026,496,0.16899782221440654
CAM,17,10.107990059093098,3.5955082423554217,490,0.16242850559645464
CAM,18,10.346628398440547,3.5331658144546543,485,0.16043279527212273
CAM,19,10.603495143954476,3.425343372099114,473,0.1574974560469963
CAM,20,11.095344355649301,3.349717792995953,449,0.15808295651935816
CAM,21,11.422471154563349,3.216021337748814,408,0.15921678128662728
CAM,22,11.549689835198572,3.156734875233814,321,0.1761917593176713
CAM,23,11.868685586687064,3.140310587589397,229,0.2075175647485126
CAM,24,12.137445651379133,2.662893691069883,126,0.23722942498536556
CAM,25,12.479651902923765,2.5629820779703656,46,0.3778910911658938
FAM,1,4.116013694322201,3.260489069394808,501,0.14566790883361416
FAM,2,5.383427316438176,3.5973024527077246,501,0.1607156210541228
FAM,3,6.251971817227775,3.8681958705503656,501,0.17281824641310073
FAM,4,6.857231510907203,3.9703163330240545,501,0.17738065220593013
FAM,5,7.413006901339499,3.9589824299848173,501,0.17687429076152417
FAM,6,7.743679651644772,3.941934703399088,501,0.1761126545071903
FAM,7,8.076281898273917,3.956355792629043,501,0.1767569412588157
FAM,8,8.317415679345826,4.02739574001195,501,0.17993077204268604
FAM,9,8.48536842980212,4.1216074739602755,501,0.18413984190299038
FAM,10,8.579086109482779,4.156316926006959,501,0.18569054585837563
FAM,11,8.784418260232506,4.110249132716941,501,0.18363238864014528
FAM,12,8.937715424451524,4.063671227469864,501,0.18155144130041034
FAM,13,9.090611868026757,4.0278776311157936,501,0.17995230134945212
FAM,14,9.253885661353356,3.9117347080542184,500,0.17493809434309052
FAM,15,9.462099210499135,3.896031270192577,499,0.17441031285763745
FAM,16,9.666867913289611,3.7988169803554794,496,0.17057191777529673
FAM,17,9.941949345207565,3.6643187917462354,490,0.16553704935534727
FAM,18,10.230886728819652,3.5777482643317318,485,0.1624571800390638
FAM,19,10.585056889097327,3.391422111770531,473,0.1559377548353815
FAM,20,11.022108261960918,3.2559803112000196,449,0.1536592112444682
FAM,21,11.400351985704665,3.1491163570848553,408,0.15590449117576125
FAM,22,11.602035347378097,2.9681106935997255,321,0.16566378413904484
FAM,23,11.978713266828045,2.989962683946771,229,0.1975822956218649
FAM,24,12.11733111802725,2.7046067448320703,126,0.24094551916951285
FAM,25,12.479651902923765,2.5629820779703656,46,0.3778910911658938
Random,1,3.068437328238687,2.9104316999488202,501,0.13002849894948357
Random,2,5.651514167639013,3.7105187278113743,501,0.1657737511963413
Random,3,7.504090742291715,3.862479885295349,501,0.17256287502515844
Random,4,8.726550500323167,3.7494791968194052,501,0.16751437658314258
Random,5,9.54689101189256,3.64860177869429,501,0.1630075059161763
Random,6,9.923176721366728,3.692153283861225,501,0.16495324367183187
Random,7,10.262058353923845,3.6450086501596264,501,0.162846976772028
Random,8,10.689173162961286,3.6049758197455866,501,0.16105844181086454
Random,9,11.166929559391773,3.3579448254819857,501,0.15002191091455133
Random,10,11.697065185268452,3.179252236957614,501,0.14203851482261406
Random,11,12.051981886889704,3.0736626778025586,501,0.13732112122017667
Random,12,12.296916433957641,2.969769399586889,501,0.13267951186113822
Random,13,12.417686641762803,2.9035191567206287,501,0.12971966929376583
Random,14,12.498803415387869,2.8450028088906336,500,0.127232393537146
Random,15,12.551611909433781,2.7978820703271614,499,0.12525040313662938
Random,16,12.558087189268742,2.772329970738357,496,0.12448129042808566
Random,17,12.565608842731738,2.732389964135119,490,0.1234367963207538
Random,18,12.573309306562255,2.7375352025273787,485,0.12430507022923103
Random,19,12.57450132352747,2.7546435609113153,473,0.12665864587289546
Random,20,12.63138681448548,2.708435747966484,449,0.12781898566993052
Random,21,12.54966131205141,2.718938338953123,408,0.13460750579097575
Random,22,12.410476609756968,2.7518894145866577,321,0.15359548918969224
Random,23,12.501275846571966,2.7849488051840066,229,0.18403459717807696
Random,24,12.420270246837939,2.620300719686229,126,0.23343494150912034
Random,25,12.479651902923765,2.5629820779703656,46,0.3778910911658938
Superpixel,1,3.1942404262914867,3.486102878874412,501,0.1557475904799567
Superpixel,2,4.6520293859017645,3.8701313068540233,501,0.1729047153301969
Superpixel,3,5.528826028896782,3.963784526035846,501,0.17708883259095018
Superpixel,4,6.309340611814025,4.0535542922598315,501,0.18109944996890004
Superpixel,5,6.931791658358957,4.113249867341406,501,0.18376645157622856
Superpixel,6,7.441125008467206,4.0754211367922295,501,0.18207638853487274
Superpixel,7,7.969450586198452,4.062219016008838,501,0.18148656127713483
Superpixel,8,8.415664321616545,4.060180761090299,501,0.18139549876309657
Superpixel,9,8.884738315320657,3.994636871463798,501,0.17846721373115632
Superpixel,10,9.292721502847241,4.00374171257715,501,0.1788739880331142
Superpixel,11,9.686520136474536,3.9073323386672945,501,0.17456673486019883
Superpixel,12,10.101004144485422,3.812146085962303,501,0.1703141267127292
Superpixel,13,10.476664114669115,3.7368843470189836,501,0.1669516801920636
Superpixel,14,10.846221239516511,3.597689330655151,500,0.16089355810541273
Superpixel,15,11.182676133376832,3.5766054244478127,499,0.16011084813891457
Superpixel,16,11.48763883040632,3.457469574480658,496,0.15524496679324587
Superpixel,17,11.766904105318291,3.401465571142787,490,0.1536625512493816
Superpixel,18,12.194028727418369,3.283569984894712,485,0.14909923247675572
Superpixel,19,12.514759077682665,3.1795831423205647,473,0.1461973886426804
Superpixel,20,12.79071422331533,3.012913942586834,449,0.14218820008611333
Superpixel,21,12.916264344623093,2.958704470669601,408,0.14647769810138037
Superpixel,22,12.885245791691533,2.9871825412770194,321,0.1667282708724935
Superpixel,23,12.941885662553872,2.9078668382181108,229,0.1921572494341059
Superpixel,24,12.820212660342573,2.812304461527796,126,0.2505399943412569
Superpixel,25,12.479651902923765,2.5629820779703656,46,0.3778910911658938
