Method,PixelsOccluded,LogitDrop,Logit,QueryLogit,ClassSame,InstanceIdx,QueryProb,Prob,ProbDrop,NumSpOccluded,TotalSPs,Dist_NN_CCR
Superpixel,4147,0.15720653533935547,12.941994667053223,13.099201202392578,False,0,0.6612886786460876,0.33030006289482117,0.3309886157512665,1,21,17.398395538330078
Superpixel,6013,0.5049352645874023,12.594265937805176,13.099201202392578,False,0,0.6612886786460876,0.0756671130657196,0.5856215953826904,2,21,17.398395538330078
Superpixel,8453,0.06640911102294922,13.032792091369629,13.099201202392578,False,0,0.6612886786460876,0.05111848935484886,0.6101701855659485,3,21,17.398395538330078
Superpixel,9460,1.8238868713378906,11.275314331054688,13.099201202392578,False,0,0.6612886786460876,0.01446870993822813,0.6468199491500854,4,21,17.398395538330078
Superpixel,12217,2.6703176498413086,10.42888355255127,13.099201202392578,False,0,0.6612886786460876,0.01759120263159275,0.6436975002288818,5,21,17.398395538330078
Superpixel,13603,4.0473737716674805,9.051827430725098,13.099201202392578,False,0,0.6612886786460876,0.0018937245476990938,0.6593949794769287,6,21,17.398395538330078
Superpixel,16641,3.154892921447754,9.944308280944824,13.099201202392578,False,0,0.6612886786460876,0.0042614382691681385,0.6570272445678711,7,21,17.398395538330078
Superpixel,18457,3.5006847381591797,9.598516464233398,13.099201202392578,False,0,0.6612886786460876,0.004181995522230864,0.6571066975593567,8,21,17.398395538330078
Superpixel,21512,7.150986671447754,5.948214530944824,13.099201202392578,False,0,0.6612886786460876,0.007656935136765242,0.6536317467689514,9,21,17.398395538330078
Superpixel,24500,8.360522270202637,4.738678932189941,13.099201202392578,False,0,0.6612886786460876,0.007219362538307905,0.6540693044662476,10,21,17.398395538330078
Superpixel,27048,7.562950134277344,5.536251068115234,13.099201202392578,False,0,0.6612886786460876,0.016958462074398994,0.6443302035331726,11,21,17.398395538330078
Superpixel,29569,7.164699077606201,5.934502124786377,13.099201202392578,False,0,0.6612886786460876,0.0200869832187891,0.6412016749382019,12,21,17.398395538330078
Superpixel,31253,6.170595169067383,6.928606033325195,13.099201202392578,False,0,0.6612886786460876,0.18592579662799835,0.4753628969192505,13,21,17.398395538330078
Superpixel,32984,6.596734523773193,6.502466678619385,13.099201202392578,False,0,0.6612886786460876,0.09316234290599823,0.5681263208389282,14,21,17.398395538330078
Superpixel,36381,6.6034464836120605,6.495754718780518,13.099201202392578,False,0,0.6612886786460876,0.06496137380599976,0.5963273048400879,15,21,17.398395538330078
Superpixel,37768,8.495736122131348,4.6034650802612305,13.099201202392578,False,0,0.6612886786460876,0.019432006403803825,0.6418566703796387,16,21,17.398395538330078
Superpixel,40948,8.135109424591064,4.964091777801514,13.099201202392578,False,0,0.6612886786460876,0.029819224029779434,0.6314694285392761,17,21,17.398395538330078
Superpixel,43648,10.558652877807617,2.540548324584961,13.099201202392578,False,0,0.6612886786460876,0.009411044418811798,0.6518776416778564,18,21,17.398395538330078
Superpixel,45014,11.527657866477966,1.5715433359146118,13.099201202392578,False,0,0.6612886786460876,0.005332906264811754,0.6559557914733887,19,21,17.398395538330078
Superpixel,47713,13.202235579490662,-0.1030343770980835,13.099201202392578,False,0,0.6612886786460876,0.002133395057171583,0.6591553092002869,20,21,17.398395538330078
Superpixel,50176,13.297656178474426,-0.19845497608184814,13.099201202392578,False,0,0.6612886786460876,0.0019129911670461297,0.6593756675720215,21,21,17.398395538330078
CAM,4147,3.9395923614501953,9.159608840942383,13.099201202392578,False,0,0.6612886786460876,0.3347589373588562,0.32652974128723145,1,21,25.591327667236328
CAM,6013,5.310451507568359,7.788749694824219,13.099201202392578,False,0,0.6612886786460876,0.18438564240932465,0.4769030213356018,2,21,25.591327667236328
CAM,8453,5.89933443069458,7.199866771697998,13.099201202392578,False,0,0.6612886786460876,0.08310487866401672,0.5781837701797485,3,21,25.591327667236328
CAM,9460,6.592905521392822,6.506295680999756,13.099201202392578,False,0,0.6612886786460876,0.0509893074631691,0.6102993488311768,4,21,25.591327667236328
CAM,12217,6.1692376136779785,6.9299635887146,13.099201202392578,False,0,0.6612886786460876,0.04535088315606117,0.6159377694129944,5,21,25.591327667236328
CAM,13603,6.840691089630127,6.258510112762451,13.099201202392578,False,0,0.6612886786460876,0.027173781767487526,0.6341149210929871,6,21,25.591327667236328
CAM,16641,8.326049327850342,4.773151874542236,13.099201202392578,False,0,0.6612886786460876,0.014657199382781982,0.6466314792633057,7,21,25.591327667236328
CAM,18457,9.149265050888062,3.9499361515045166,13.099201202392578,False,0,0.6612886786460876,0.009245732799172401,0.6520429253578186,8,21,25.591327667236328
CAM,21512,9.753258228302002,3.345942974090576,13.099201202392578,False,0,0.6612886786460876,0.008076381869614124,0.653212308883667,9,21,25.591327667236328
CAM,24500,9.398699283599854,3.7005019187927246,13.099201202392578,False,0,0.6612886786460876,0.0057807727716863155,0.6555079221725464,10,21,25.591327667236328
CAM,27048,9.21802806854248,3.8811731338500977,13.099201202392578,False,0,0.6612886786460876,0.005397067405283451,0.6558915972709656,11,21,25.591327667236328
CAM,29569,8.37556791305542,4.723633289337158,13.099201202392578,False,0,0.6612886786460876,0.004891805350780487,0.6563968658447266,12,21,25.591327667236328
CAM,31253,8.960161209106445,4.139039993286133,13.099201202392578,False,0,0.6612886786460876,0.0018872214714065194,0.6594014763832092,13,21,25.591327667236328
CAM,32984,9.15669059753418,3.9425106048583984,13.099201202392578,False,0,0.6612886786460876,0.003255638759583235,0.658033013343811,14,21,25.591327667236328
CAM,36381,9.431326389312744,3.667874813079834,13.099201202392578,False,0,0.6612886786460876,0.0033688710536807775,0.6579198241233826,15,21,25.591327667236328
CAM,37768,9.08372688293457,4.015474319458008,13.099201202392578,False,0,0.6612886786460876,0.0032852364238351583,0.6580034494400024,16,21,25.591327667236328
CAM,40948,9.755948781967163,3.343252420425415,13.099201202392578,False,0,0.6612886786460876,0.007453415542840958,0.6538352370262146,17,21,25.591327667236328
CAM,43648,10.89767837524414,2.2015228271484375,13.099201202392578,False,0,0.6612886786460876,0.006145165301859379,0.6551434993743896,18,21,25.591327667236328
CAM,45014,11.603759169578552,1.4954420328140259,13.099201202392578,False,0,0.6612886786460876,0.0032779329922050238,0.658010721206665,19,21,25.591327667236328
CAM,47713,11.470321416854858,1.6288797855377197,13.099201202392578,False,0,0.6612886786460876,0.004217097535729408,0.657071590423584,20,21,25.591327667236328
CAM,50176,13.297656178474426,-0.19845497608184814,13.099201202392578,False,0,0.6612886786460876,0.0019129911670461297,0.6593756675720215,21,21,25.591327667236328
FAM,4147,5.038298606872559,8.06090259552002,13.099201202392578,False,0,0.6612886786460876,0.12876994907855988,0.532518744468689,1,21,27.222782135009766
FAM,6013,4.25087833404541,8.848322868347168,13.099201202392578,False,0,0.6612886786460876,0.19142568111419678,0.46986299753189087,2,21,27.222782135009766
FAM,8453,5.754134178161621,7.345067024230957,13.099201202392578,False,0,0.6612886786460876,0.04628850147128105,0.6150001883506775,3,21,27.222782135009766
FAM,9460,5.820875644683838,7.27832555770874,13.099201202392578,False,0,0.6612886786460876,0.06128954142332077,0.5999991297721863,4,21,27.222782135009766
FAM,12217,7.351607322692871,5.747593879699707,13.099201202392578,False,0,0.6612886786460876,0.03521561250090599,0.6260730624198914,5,21,27.222782135009766
FAM,13603,7.020284175872803,6.078917026519775,13.099201202392578,False,0,0.6612886786460876,0.021295947954058647,0.6399927139282227,6,21,27.222782135009766
FAM,16641,7.250134468078613,5.849066734313965,13.099201202392578,False,0,0.6612886786460876,0.04319700971245766,0.6180916428565979,7,21,27.222782135009766
FAM,18457,10.12683916091919,2.9723620414733887,13.099201202392578,False,0,0.6612886786460876,0.008296418935060501,0.6529922485351562,8,21,27.222782135009766
FAM,21512,8.85569429397583,4.243506908416748,13.099201202392578,False,0,0.6612886786460876,0.028134487569332123,0.6331542134284973,9,21,27.222782135009766
FAM,24500,8.320855617523193,4.778345584869385,13.099201202392578,False,0,0.6612886786460876,0.018582923337817192,0.6427057385444641,10,21,27.222782135009766
FAM,27048,7.451493263244629,5.647707939147949,13.099201202392578,False,0,0.6612886786460876,0.031232431530952454,0.6300562620162964,11,21,27.222782135009766
FAM,29569,6.775387763977051,6.323813438415527,13.099201202392578,False,0,0.6612886786460876,0.026467174291610718,0.6348215341567993,12,21,27.222782135009766
FAM,31253,6.686626434326172,6.412574768066406,13.099201202392578,False,0,0.6612886786460876,0.04281197860836983,0.6184766888618469,13,21,27.222782135009766
FAM,32984,8.07953929901123,5.019661903381348,13.099201202392578,False,0,0.6612886786460876,0.021351180970668793,0.6399375200271606,14,21,27.222782135009766
FAM,36381,8.424509525299072,4.674691677093506,13.099201202392578,False,0,0.6612886786460876,0.018584804609417915,0.6427038908004761,15,21,27.222782135009766
FAM,37768,6.667257308959961,6.431943893432617,13.099201202392578,False,0,0.6612886786460876,0.09543446451425552,0.5658541917800903,16,21,27.222782135009766
FAM,40948,8.49387264251709,4.605328559875488,13.099201202392578,False,0,0.6612886786460876,0.014742095023393631,0.6465466022491455,17,21,27.222782135009766
FAM,43648,10.568946838378906,2.530254364013672,13.099201202392578,False,0,0.6612886786460876,0.004938894417136908,0.656349778175354,18,21,27.222782135009766
FAM,45014,11.079378128051758,2.0198230743408203,13.099201202392578,False,0,0.6612886786460876,0.004234749358147383,0.6570539474487305,19,21,27.222782135009766
FAM,47713,11.608248353004456,1.4909528493881226,13.099201202392578,False,0,0.6612886786460876,0.0024990313686430454,0.6587896347045898,20,21,27.222782135009766
FAM,50176,13.297656178474426,-0.19845497608184814,13.099201202392578,False,0,0.6612886786460876,0.0019129911670461297,0.6593756675720215,21,21,27.222782135009766
Random,4147,7.527781009674072,5.571420192718506,13.099201202392578,False,0,0.6612886786460876,0.03417418897151947,0.627114474773407,1,21,31.976884841918945
Random,6013,7.8942551612854,5.204946041107178,13.099201202392578,False,0,0.6612886786460876,0.014379169791936874,0.6469095349311829,2,21,31.976884841918945
Random,8453,10.662708759307861,2.436492443084717,13.099201202392578,False,0,0.6612886786460876,0.004201626870781183,0.6570870280265808,3,21,31.976884841918945
Random,9460,10.756766319274902,2.342434883117676,13.099201202392578,False,0,0.6612886786460876,0.0003470621013548225,0.6609416007995605,4,21,31.976884841918945
Random,12217,6.54852294921875,6.550678253173828,13.099201202392578,False,0,0.6612886786460876,0.0010625059949234128,0.6602261662483215,5,21,31.976884841918945
Random,13603,4.0236921310424805,9.075509071350098,13.099201202392578,False,0,0.6612886786460876,0.02143801562488079,0.6398506760597229,6,21,31.976884841918945
Random,16641,5.433650493621826,7.665550708770752,13.099201202392578,False,0,0.6612886786460876,0.014410912059247494,0.6468777656555176,7,21,31.976884841918945
Random,18457,8.601940631866455,4.497260570526123,13.099201202392578,False,0,0.6612886786460876,0.015282143838703632,0.6460065245628357,8,21,31.976884841918945
Random,21512,8.65032958984375,4.448871612548828,13.099201202392578,False,0,0.6612886786460876,0.03180604428052902,0.629482626914978,9,21,31.976884841918945
Random,24500,9.680964469909668,3.41823673248291,13.099201202392578,False,0,0.6612886786460876,0.02182169072329998,0.6394670009613037,10,21,31.976884841918945
Random,27048,11.973422765731812,1.1257784366607666,13.099201202392578,False,0,0.6612886786460876,0.0037869636435061693,0.6575016975402832,11,21,31.976884841918945
Random,29569,13.246876209974289,-0.14767500758171082,13.099201202392578,False,0,0.6612886786460876,0.0010169093729928136,0.6602717638015747,12,21,31.976884841918945
Random,31253,13.210637897253036,-0.11143669486045837,13.099201202392578,False,0,0.6612886786460876,0.002048464957624674,0.659240186214447,13,21,31.976884841918945
Random,32984,13.222194969654083,-0.12299376726150513,13.099201202392578,False,0,0.6612886786460876,0.0020391230937093496,0.6592495441436768,14,21,31.976884841918945
Random,36381,13.297656178474426,-0.19845497608184814,13.099201202392578,False,0,0.6612886786460876,0.0019129911670461297,0.6593756675720215,15,21,31.976884841918945
Random,37768,13.297656178474426,-0.19845497608184814,13.099201202392578,False,0,0.6612886786460876,0.0019129911670461297,0.6593756675720215,16,21,31.976884841918945
Random,40948,13.297656178474426,-0.19845497608184814,13.099201202392578,False,0,0.6612886786460876,0.0019129911670461297,0.6593756675720215,17,21,31.976884841918945
Random,43648,13.297656178474426,-0.19845497608184814,13.099201202392578,False,0,0.6612886786460876,0.0019129911670461297,0.6593756675720215,18,21,31.976884841918945
Random,45014,13.297656178474426,-0.19845497608184814,13.099201202392578,False,0,0.6612886786460876,0.0019129911670461297,0.6593756675720215,19,21,31.976884841918945
Random,47713,13.297656178474426,-0.19845497608184814,13.099201202392578,False,0,0.6612886786460876,0.0019129911670461297,0.6593756675720215,20,21,31.976884841918945
Random,50176,13.297656178474426,-0.19845497608184814,13.099201202392578,False,0,0.6612886786460876,0.0019129911670461297,0.6593756675720215,21,21,31.976884841918945
